<?xml version="1.0" encoding="UTF-8"?>
<project-private xmlns="http://www.netbeans.org/ns/project-private/1">
    <editor-bookmarks xmlns="http://www.netbeans.org/ns/editor-bookmarks/2" lastBookmarkId="0"/>
    <open-files xmlns="http://www.netbeans.org/ns/projectui-open-files/2">
        <group>
            <file>file:/F:/Java/JavaProgrammePractice/Varargs%20Practice/EightBallPoolGame/src/mainpackage/ModeChooseController.java</file>
            <file>file:/F:/Java/JavaProgrammePractice/Varargs%20Practice/EightBallPoolGame/src/mainpackage/SoundmusicController.java</file>
            <file>file:/F:/Java/JavaProgrammePractice/Varargs%20Practice/EightBallPoolGame/src/mainpackage/Player.java</file>
            <file>file:/F:/Java/JavaProgrammePractice/Varargs%20Practice/EightBallPoolGame/src/mainpackage/Main.java</file>
            <file>file:/F:/Java/JavaProgrammePractice/Varargs%20Practice/EightBallPoolGame/src/mainpackage/ModeChoose.fxml</file>
            <file>file:/F:/Java/JavaProgrammePractice/Varargs%20Practice/EightBallPoolGame/src/mainpackage/soundmusic.fxml</file>
            <file>file:/F:/Java/JavaProgrammePractice/Varargs%20Practice/EightBallPoolGame/src/mainpackage/StartPageController.java</file>
        </group>
    </open-files>
</project-private>
